{"stats":{"minecraft:picked_up":{"minecraft:stick":1,"minecraft:andesite":42,"sophisticatedbackpacks:backpack":1,"minecraft:oak_log":21,"justhammers:stone_hammer":1,"tombstone:grave_dust":1,"alexsmobs:animal_dictionary":1,"minecraft:string":1,"minecraft:raw_copper":7,"tacz:ammo":28,"minecraft:arrow":2,"minecraft:bone":1,"minecraft:rotten_flesh":1,"tacz:modern_kinetic_gun":2,"minecraft:cobbled_deepslate":21,"justhammers:netherite_destructor_hammer":1,"minecraft:oak_sapling":1,"minecraft:mutton":1,"minecraft:coal":32,"minecraft:white_wool":1,"minecraft:cobblestone":952},"minecraft:dropped":{"justhammers:stone_hammer":2,"tacz:ammo":40,"tacz:modern_kinetic_gun":2,"jeg:grenade":1,"justhammers:netherite_destructor_hammer":1},"minecraft:killed_by":{"minecraft:player":1},"minecraft:killed":{"minecraft:skeleton":1,"born_in_chaos_v1:zombie_fisherman":1,"minecraft:zombie":3,"born_in_chaos_v1:wither_scuttler":1,"minecraft:spider":1,"minecraft:creeper":1},"minecraft:custom":{"minecraft:time_since_rest":23655,"minecraft:sprint_one_cm":32438,"minecraft:damage_taken":300,"minecraft:walk_one_cm":173436,"minecraft:mob_kills":8,"minecraft:drop":11,"minecraft:damage_dealt":375,"minecraft:player_kills":7,"minecraft:fly_one_cm":89236,"minecraft:crouch_one_cm":3982,"minecraft:play_time":39997,"tombstone:undead_killed":5,"minecraft:deaths":1,"minecraft:sneak_time":1944,"minecraft:jump":291,"minecraft:leave_game":2,"minecraft:time_since_death":23621,"minecraft:total_world_time":39997,"minecraft:fall_one_cm":2928},"minecraft:mined":{"minecraft:grass":2,"minecraft:oak_log":21,"minecraft:oak_leaves":5},"minecraft:used":{"justhammers:netherite_destructor_hammer":2,"jeg:combat_rifle":56,"tacz:gun_smith_table":1,"jeg:gunmetal_workbench":1,"minecraft:oak_sapling":1,"cgm:mini_gun":202,"jeg:molotov_cocktail":1,"cgm:heavy_rifle":1},"minecraft:crafted":{"minecraft:oak_planks":84}},"DataVersion":2975}