{"stats":{"minecraft:crafted":{"minecraft:oak_planks":84},"minecraft:killed_by":{"minecraft:player":1},"minecraft:picked_up":{"born_in_chaos_v1:monster_flesh":1,"minecraft:andesite":42,"minecraft:oak_log":21,"minecraft:lapis_lazuli":14,"minecraft:string":1,"minecraft:raw_copper":8,"born_in_chaos_v1:monster_skin":1,"tacz:ammo":28,"minecraft:bone":3,"minecraft:cobbled_deepslate":233,"justhammers:netherite_destructor_hammer":1,"minecraft:stick":1,"epicfight:stone_greatsword":1,"sophisticatedbackpacks:backpack":1,"justhammers:stone_hammer":1,"tombstone:grave_dust":2,"minecraft:redstone":8,"alexsmobs:animal_dictionary":1,"minecraft:barrel":1,"minecraft:arrow":2,"minecraft:rotten_flesh":2,"minecraft:slime_ball":1,"tacz:modern_kinetic_gun":2,"minecraft:granite":3,"minecraft:oak_sapling":1,"minecraft:mutton":1,"minecraft:coal":32,"minecraft:white_wool":1,"minecraft:cobblestone":952},"minecraft:custom":{"minecraft:mob_kills":11,"minecraft:leave_game":3,"minecraft:time_since_death":37602,"minecraft:damage_resisted":4,"minecraft:time_since_rest":37636,"minecraft:damage_absorbed":16,"minecraft:sprint_one_cm":36145,"minecraft:damage_taken":380,"minecraft:walk_one_cm":231677,"minecraft:drop":34,"minecraft:damage_dealt":1277,"minecraft:swim_one_cm":6762,"minecraft:fly_one_cm":138901,"minecraft:player_kills":7,"minecraft:crouch_one_cm":4510,"minecraft:play_time":53978,"tombstone:undead_killed":7,"minecraft:deaths":1,"minecraft:sneak_time":2219,"minecraft:walk_under_water_one_cm":677,"minecraft:jump":426,"minecraft:walk_on_water_one_cm":590,"minecraft:total_world_time":53978,"minecraft:fall_one_cm":7656},"minecraft:dropped":{"minecraft:lapis_lazuli":14,"alexsmobs:animal_dictionary":1,"minecraft:cobbled_deepslate":210,"minecraft:raw_copper":7,"minecraft:cobblestone":256,"minecraft:rotten_flesh":1,"minecraft:oak_planks":84,"jeg:grenade":1,"minecraft:coal":32,"justhammers:netherite_destructor_hammer":1,"minecraft:stick":1,"justhammers:stone_hammer":2,"minecraft:mutton":1,"minecraft:andesite":42,"tacz:ammo":66,"tacz:modern_kinetic_gun":3,"minecraft:string":1,"minecraft:white_wool":1,"minecraft:redstone":8},"minecraft:mined":{"minecraft:grass":2,"minecraft:oak_log":21,"minecraft:oak_leaves":5},"minecraft:used":{"justhammers:netherite_destructor_hammer":2,"jeg:combat_rifle":56,"tacz:gun_smith_table":1,"justhammers:netherite_impact_hammer":32,"jeg:gunmetal_workbench":1,"minecraft:lingering_potion":4,"mowziesmobs:wrought_axe":4,"wom:ender_blaster":18,"born_in_chaos_v1:dread_hound_not_despawn_spawn_egg":1,"minecraft:grass_block":7,"born_in_chaos_v1:nightmare_stalker_spawn_egg":1,"minecraft:oak_sapling":1,"cgm:mini_gun":202,"minecraft:cobbled_deepslate":13,"minecraft:enchanted_golden_apple":4,"jeg:molotov_cocktail":1,"cgm:heavy_rifle":1},"minecraft:killed":{"born_in_chaos_v1:barrel_zombie":1,"born_in_chaos_v1:wither_scuttler":1,"minecraft:spider":1,"born_in_chaos_v1:dread_hound_not_despawn":1,"minecraft:creeper":1,"minecraft:skeleton":2,"born_in_chaos_v1:zombie_fisherman":1,"minecraft:zombie":3}},"DataVersion":2975}