{"stats":{"minecraft:picked_up":{"minecraft:bone":1,"minecraft:stick":1,"minecraft:arrow":2,"minecraft:rotten_flesh":1,"sophisticatedbackpacks:backpack":1,"minecraft:oak_log":21,"minecraft:oak_sapling":1},"minecraft:dropped":{"tacz:modern_kinetic_gun":1},"minecraft:killed_by":{"minecraft:player":1},"minecraft:custom":{"minecraft:time_since_rest":11655,"tombstone:undead_killed":5,"minecraft:crouch_one_cm":3732,"minecraft:deaths":1,"minecraft:sprint_one_cm":29720,"minecraft:play_time":27997,"minecraft:damage_taken":280,"minecraft:walk_one_cm":133548,"minecraft:sneak_time":1555,"minecraft:mob_kills":6,"minecraft:drop":1,"minecraft:jump":211,"minecraft:damage_dealt":245,"minecraft:leave_game":2,"minecraft:time_since_death":11621,"minecraft:total_world_time":27997,"minecraft:fall_one_cm":2717,"minecraft:fly_one_cm":63802,"minecraft:player_kills":6},"minecraft:killed":{"minecraft:skeleton":1,"born_in_chaos_v1:zombie_fisherman":1,"minecraft:zombie":3,"minecraft:spider":1},"minecraft:mined":{"minecraft:grass":2,"minecraft:oak_log":21,"minecraft:oak_leaves":5},"minecraft:used":{"jeg:combat_rifle":56,"minecraft:oak_sapling":1,"cgm:mini_gun":202,"cgm:heavy_rifle":1},"minecraft:crafted":{"minecraft:oak_planks":84}},"DataVersion":2975}