{"stats":{"minecraft:picked_up":{"minecraft:stick":1,"minecraft:oak_log":21,"minecraft:oak_sapling":1},"minecraft:custom":{"minecraft:jump":126,"minecraft:damage_taken":15,"minecraft:time_since_rest":15997,"minecraft:damage_dealt":10,"minecraft:leave_game":2,"minecraft:crouch_one_cm":1903,"minecraft:play_time":15997,"minecraft:sprint_one_cm":20821,"minecraft:time_since_death":15997,"minecraft:walk_one_cm":48159,"minecraft:sneak_time":1049,"minecraft:total_world_time":15997,"minecraft:fall_one_cm":2299,"minecraft:fly_one_cm":43905},"minecraft:mined":{"minecraft:grass":2,"minecraft:oak_log":21,"minecraft:oak_leaves":5},"minecraft:crafted":{"minecraft:oak_planks":84}},"DataVersion":2975}