{"stats":{"minecraft:mined":{"minecraft:grass":2,"minecraft:oak_log":21,"minecraft:oak_leaves":5},"minecraft:killed_by":{"minecraft:player":1},"minecraft:crafted":{"minecraft:oak_planks":84},"minecraft:used":{"justhammers:netherite_destructor_hammer":2,"jeg:combat_rifle":56,"tacz:gun_smith_table":1,"justhammers:netherite_impact_hammer":32,"jeg:gunmetal_workbench":1,"minecraft:dirt":14,"justenoughdrugz:gasoline":1,"minecraft:lingering_potion":4,"mowziesmobs:wrought_axe":4,"minecraft:milk_bucket":1,"justenoughdrugz:pan_item":1,"wom:ender_blaster":18,"minecraft:iron_hoe":2,"wom:agony":10,"born_in_chaos_v1:dread_hound_not_despawn_spawn_egg":1,"iceandfire:hippogryph_sword":2,"minecraft:grass_block":13,"born_in_chaos_v1:nightmare_stalker_spawn_egg":1,"wom:tormented_mind":12,"justenoughdrugz:lean":15,"tombstone:grave_key":1,"iceandfire:dread_queen_sword":1,"minecraft:oak_sapling":1,"justenoughdrugz:weed_seed":2,"alexsmobs:animal_dictionary":2,"cgm:heavy_rifle":1,"cgm:mini_gun":202,"minecraft:cobbled_deepslate":13,"jeg:molotov_cocktail":1,"minecraft:enchanted_golden_apple":4,"minecraft:bone_meal":5},"minecraft:custom":{"minecraft:mob_kills":22,"minecraft:leave_game":6,"minecraft:time_since_death":16374,"minecraft:damage_resisted":46,"minecraft:time_since_rest":16415,"minecraft:sprint_one_cm":56771,"minecraft:walk_one_cm":320048,"minecraft:damage_taken":424,"minecraft:damage_absorbed":162,"minecraft:drop":38,"minecraft:damage_dealt":2850,"minecraft:damage_dealt_absorbed":909,"minecraft:swim_one_cm":6762,"minecraft:fly_one_cm":371896,"minecraft:player_kills":8,"minecraft:crouch_one_cm":10440,"minecraft:play_time":93875,"tombstone:undead_killed":9,"minecraft:deaths":2,"minecraft:sneak_time":3711,"minecraft:walk_under_water_one_cm":677,"minecraft:jump":735,"minecraft:walk_on_water_one_cm":590,"minecraft:total_world_time":93875,"minecraft:fall_one_cm":8290},"minecraft:picked_up":{"born_in_chaos_v1:corpse_maggot":11,"minecraft:feather":2,"minecraft:chicken":1,"born_in_chaos_v1:river_mint":1,"born_in_chaos_v1:monster_flesh":1,"minecraft:andesite":42,"minecraft:salmon":1,"minecraft:oak_log":21,"minecraft:lapis_lazuli":14,"minecraft:dirt":15,"minecraft:string":1,"minecraft:raw_copper":8,"born_in_chaos_v1:monster_skin":1,"tacz:ammo":28,"minecraft:bone":3,"minecraft:wheat_seeds":1,"minecraft:cobbled_deepslate":233,"justhammers:netherite_destructor_hammer":1,"wom:agony":1,"minecraft:stick":1,"epicfight:stone_greatsword":1,"sophisticatedbackpacks:backpack":1,"justhammers:stone_hammer":1,"tombstone:grave_dust":2,"minecraft:redstone":8,"alexsmobs:animal_dictionary":1,"minecraft:barrel":1,"wom:tormented_mind":3,"minecraft:arrow":2,"minecraft:rotten_flesh":5,"minecraft:slime_ball":1,"tacz:modern_kinetic_gun":2,"minecraft:granite":3,"alexsmobs:maggot":1,"minecraft:oak_sapling":1,"minecraft:mutton":1,"minecraft:coal":32,"minecraft:white_wool":1,"minecraft:cobblestone":952},"minecraft:dropped":{"wom:agony":1,"minecraft:lapis_lazuli":14,"alexsmobs:animal_dictionary":1,"minecraft:cobbled_deepslate":210,"minecraft:raw_copper":7,"minecraft:cobblestone":256,"minecraft:rotten_flesh":1,"minecraft:oak_planks":84,"jeg:grenade":1,"minecraft:coal":32,"justhammers:netherite_destructor_hammer":1,"minecraft:stick":1,"justhammers:stone_hammer":2,"minecraft:mutton":1,"minecraft:andesite":42,"tacz:ammo":66,"tacz:modern_kinetic_gun":3,"wom:tormented_mind":3,"minecraft:string":1,"minecraft:white_wool":1,"minecraft:redstone":8},"minecraft:killed":{"born_in_chaos_v1:barrel_zombie":1,"born_in_chaos_v1:wither_scuttler":1,"minecraft:spider":1,"born_in_chaos_v1:dread_hound_not_despawn":1,"minecraft:creeper":1,"born_in_chaos_v1:maggot":3,"minecraft:skeleton":2,"born_in_chaos_v1:zombie_fisherman":3,"minecraft:zombie":3,"minecraft:chicken":1,"born_in_chaos_v1:corpse_fly":4,"alexsmobs:fly":1}},"DataVersion":2975}