{"stats":{"minecraft:picked_up":{"tombstone:grave_key":2,"tacz:modern_kinetic_gun":1},"minecraft:dropped":{"alexsmobs:animal_dictionary":1,"tombstone:grave_key":2},"minecraft:killed_by":{"minecraft:player":6},"minecraft:custom":{"minecraft:jump":132,"minecraft:time_since_rest":906,"minecraft:crouch_one_cm":188,"minecraft:damage_dealt":340,"minecraft:sprint_one_cm":13932,"minecraft:deaths":6,"minecraft:play_time":13960,"minecraft:damage_taken":1508,"minecraft:time_since_death":876,"minecraft:walk_one_cm":48840,"minecraft:sneak_time":11,"minecraft:total_world_time":13960,"minecraft:drop":3,"minecraft:fall_one_cm":418,"minecraft:fly_one_cm":8013,"minecraft:player_kills":1}},"DataVersion":2975}