{"stats":{"minecraft:picked_up":{"minecraft:raw_iron":1,"minecraft:andesite":20,"minecraft:tuff":44,"tombstone:grave_key":2,"justhammers:stone_hammer":1,"minecraft:spider_eye":2,"minecraft:string":1,"minecraft:raw_copper":15,"jeg:grenade":1,"tacz:ammo":38,"tacz:modern_kinetic_gun":2,"minecraft:cobbled_deepslate":198,"minecraft:granite":14,"justhammers:netherite_destructor_hammer":1,"minecraft:mutton":1,"minecraft:coal":16,"minecraft:white_wool":1,"minecraft:cobblestone":529},"minecraft:dropped":{"alexsmobs:animal_dictionary":1,"tombstone:grave_key":2,"tombstone:grave_dust":1,"minecraft:spider_eye":3,"tacz:modern_kinetic_gun":1,"minecraft:string":2},"minecraft:killed_by":{"minecraft:player":7},"minecraft:killed":{"minecraft:sheep":1},"minecraft:custom":{"minecraft:time_since_rest":3836,"minecraft:sprint_one_cm":29212,"minecraft:damage_taken":2158,"minecraft:walk_one_cm":78205,"minecraft:mob_kills":1,"minecraft:drop":10,"minecraft:damage_dealt":440,"minecraft:player_kills":1,"minecraft:fly_one_cm":43774,"minecraft:crouch_one_cm":256,"minecraft:play_time":25960,"minecraft:deaths":8,"minecraft:sneak_time":13,"minecraft:jump":312,"minecraft:time_since_death":3804,"minecraft:total_world_time":25960,"minecraft:fall_one_cm":8116},"minecraft:mined":{"minecraft:tall_grass":1},"minecraft:used":{"justhammers:netherite_destructor_hammer":20,"justhammers:stone_hammer":84,"minecraft:cobblestone":1,"tombstone:gift":2,"minecraft:granite":3,"jeg:grenade":1}},"DataVersion":2975}