{"stats":{"minecraft:killed_by":{"born_in_chaos_v1:corpse_fly":1,"minecraft:player":8,"born_in_chaos_v1:nightmare_stalker":2},"minecraft:picked_up":{"wom:agony":1,"born_in_chaos_v1:corpse_maggot":6,"minecraft:raw_iron":1,"minecraft:andesite":62,"minecraft:tuff":44,"justhammers:stone_hammer":1,"tombstone:grave_key":2,"minecraft:redstone":4,"minecraft:dirt":1,"minecraft:spider_eye":2,"minecraft:string":1,"minecraft:raw_copper":15,"jeg:grenade":1,"tacz:ammo":38,"wom:tormented_mind":2,"tacz:modern_kinetic_gun":2,"minecraft:cobbled_deepslate":373,"minecraft:granite":14,"justhammers:netherite_destructor_hammer":1,"minecraft:mutton":1,"minecraft:coal":16,"minecraft:white_wool":1,"minecraft:cobblestone":785},"minecraft:custom":{"minecraft:time_since_rest":2327,"minecraft:sprint_one_cm":39201,"minecraft:damage_taken":3835,"minecraft:walk_one_cm":128938,"minecraft:mob_kills":4,"minecraft:drop":19,"minecraft:damage_dealt":766,"minecraft:damage_dealt_absorbed":153,"minecraft:fly_one_cm":72765,"minecraft:player_kills":1,"minecraft:crouch_one_cm":2092,"minecraft:play_time":40879,"minecraft:deaths":13,"minecraft:sneak_time":181,"minecraft:jump":544,"minecraft:leave_game":2,"minecraft:walk_on_water_one_cm":10104,"minecraft:time_since_death":2004,"minecraft:total_world_time":40879,"minecraft:fall_one_cm":16318},"minecraft:dropped":{"wom:agony":1,"alexsmobs:animal_dictionary":1,"tombstone:grave_key":3,"born_in_chaos_v1:corpse_maggot":6,"tombstone:grave_dust":1,"minecraft:spider_eye":3,"tacz:modern_kinetic_gun":1,"wom:tormented_mind":1,"minecraft:string":2},"minecraft:mined":{"minecraft:grass":8,"minecraft:grass_block":2,"minecraft:tall_grass":3},"minecraft:used":{"wom:agony":5,"justhammers:netherite_destructor_hammer":20,"wom:tormented_mind":8,"justhammers:stone_hammer":84,"minecraft:dirt":1,"minecraft:cobblestone":38,"tombstone:gift":4,"minecraft:granite":14,"jeg:grenade":1},"minecraft:killed":{"minecraft:sheep":1,"born_in_chaos_v1:corpse_fly":3}},"DataVersion":2975}