{"stats":{"minecraft:picked_up":{"minecraft:raw_iron":1,"minecraft:andesite":62,"minecraft:tuff":44,"tombstone:grave_key":2,"justhammers:stone_hammer":1,"minecraft:redstone":4,"minecraft:dirt":1,"minecraft:spider_eye":2,"minecraft:string":1,"minecraft:raw_copper":15,"jeg:grenade":1,"tacz:ammo":38,"tacz:modern_kinetic_gun":2,"minecraft:cobbled_deepslate":373,"minecraft:granite":14,"justhammers:netherite_destructor_hammer":1,"minecraft:mutton":1,"minecraft:coal":16,"minecraft:white_wool":1,"minecraft:cobblestone":785},"minecraft:dropped":{"alexsmobs:animal_dictionary":1,"tombstone:grave_key":3,"tombstone:grave_dust":1,"minecraft:spider_eye":3,"tacz:modern_kinetic_gun":1,"minecraft:string":2},"minecraft:killed_by":{"minecraft:player":7,"born_in_chaos_v1:nightmare_stalker":2},"minecraft:killed":{"minecraft:sheep":1},"minecraft:custom":{"minecraft:time_since_rest":2806,"minecraft:sprint_one_cm":37367,"minecraft:damage_taken":3158,"minecraft:walk_one_cm":97493,"minecraft:mob_kills":1,"minecraft:drop":11,"minecraft:damage_dealt":476,"minecraft:player_kills":1,"minecraft:fly_one_cm":67439,"minecraft:crouch_one_cm":2092,"minecraft:play_time":34210,"minecraft:deaths":11,"minecraft:sneak_time":181,"minecraft:jump":455,"minecraft:leave_game":1,"minecraft:walk_on_water_one_cm":10104,"minecraft:time_since_death":2775,"minecraft:total_world_time":34210,"minecraft:fall_one_cm":15886},"minecraft:mined":{"minecraft:grass":4,"minecraft:grass_block":1,"minecraft:tall_grass":1},"minecraft:used":{"justhammers:netherite_destructor_hammer":20,"justhammers:stone_hammer":84,"minecraft:dirt":1,"minecraft:cobblestone":38,"tombstone:gift":4,"minecraft:granite":14,"jeg:grenade":1}},"DataVersion":2975}