{
  "dungeons_arise:wda_root": {
    "criteria": {
      "WDA": "2024-11-15 22:54:41 +0000"
    },
    "done": true
  },
  "iceandfire:iceandfire/root": {
    "criteria": {
      "tick": "2024-11-15 22:54:41 +0000"
    },
    "done": true
  },
  "mowziesmobs:root": {
    "criteria": {
      "custom_test_name": "2024-11-15 22:54:41 +0000"
    },
    "done": true
  },
  "tombstone:adventure/root": {
    "criteria": {
      "auto": "2024-11-15 22:54:41 +0000"
    },
    "done": true
  },
  "ironfurnaces:coal": {
    "criteria": {
      "rainbowcoal": "2024-11-15 22:54:41 +0000"
    },
    "done": true
  },
  "minecraft:adventure/adventuring_time": {
    "criteria": {
      "minecraft:forest": "2024-11-15 22:54:41 +0000",
      "minecraft:plains": "2024-11-15 22:56:06 +0000"
    },
    "done": false
  },
  "DataVersion": 2975
}